epoch,steps,cosine-Accuracy@1,cosine-Accuracy@3,cosine-Accuracy@5,cosine-Accuracy@10,cosine-Precision@1,cosine-Recall@1,cosine-Precision@5,cosine-Recall@5,cosine-Precision@10,cosine-Recall@10,cosine-MRR@10,cosine-NDCG@10,cosine-MAP@100
1.0,158,0.485,0.62,0.685,0.75,0.485,0.485,0.13699999999999998,0.685,0.075,0.75,0.571029761904762,0.614144134959765,0.5792018536171395
2.0,316,0.495,0.625,0.685,0.785,0.495,0.495,0.13699999999999998,0.685,0.0785,0.785,0.584795634920635,0.6323009511797386,0.5928928448533171
3.0,474,0.51,0.64,0.705,0.785,0.51,0.51,0.141,0.705,0.0785,0.785,0.5959067460317461,0.6409214256314972,0.6054358447737607
4.0,632,0.5,0.655,0.71,0.78,0.5,0.5,0.142,0.71,0.078,0.78,0.593325396825397,0.6381302671031082,0.603039521674299
