epoch,steps,cosine-Accuracy@1,cosine-Accuracy@3,cosine-Accuracy@5,cosine-Accuracy@10,cosine-Precision@1,cosine-Recall@1,cosine-Precision@5,cosine-Recall@5,cosine-Precision@10,cosine-Recall@10,cosine-MRR@10,cosine-NDCG@10,cosine-MAP@100
1.0,158,0.46,0.635,0.68,0.75,0.46,0.46,0.13599999999999998,0.68,0.075,0.75,0.5584007936507936,0.6047937451030552,0.5677149802440021
2.0,316,0.505,0.655,0.695,0.76,0.505,0.505,0.13899999999999998,0.695,0.07599999999999998,0.76,0.5887123015873015,0.6299840618278664,0.5980370353778369
3.0,474,0.49,0.66,0.705,0.76,0.49,0.49,0.141,0.705,0.076,0.76,0.5829841269841269,0.6258885654253545,0.5932513025694863
4.0,632,0.48,0.665,0.7,0.77,0.48,0.48,0.14,0.7,0.077,0.77,0.5822142857142858,0.6277078131621862,0.5919696944272195
