{
  "model": "intfloat/multilingual-e5-small",
  "fine_tuned": true,
  "train_triplets": 2523,
  "corpus_size": 1402,
  "metrics": {
    "Recall@1": 0.07,
    "Recall@3": 0.14,
    "Recall@5": 0.195,
    "Recall@10": 0.325,
    "MRR@10": 0.12789880952380953,
    "nDCG@10": 0.17308428238206922
  },
  "baseline": {
    "Recall@1": 0.045,
    "Recall@3": 0.075,
    "Recall@5": 0.105,
    "Recall@10": 0.16,
    "MRR@10": 0.0694781746031746,
    "nDCG@10": 0.09010833138763989
  }
}