epoch,steps,cosine-Accuracy@1,cosine-Accuracy@3,cosine-Accuracy@5,cosine-Accuracy@10,cosine-Precision@1,cosine-Recall@1,cosine-Precision@5,cosine-Recall@5,cosine-Precision@10,cosine-Recall@10,cosine-MRR@10,cosine-NDCG@10,cosine-MAP@100
1.0,158,0.47,0.625,0.685,0.745,0.47,0.47,0.13699999999999998,0.685,0.0745,0.745,0.5608373015873016,0.6052412136830843,0.5699812629044128
2.0,316,0.495,0.655,0.685,0.755,0.495,0.495,0.13699999999999998,0.685,0.07549999999999998,0.755,0.5847242063492062,0.6259551423379193,0.5944115363562882
3.0,474,0.51,0.665,0.695,0.76,0.51,0.51,0.13899999999999998,0.695,0.07599999999999998,0.76,0.596079365079365,0.6356371034055406,0.6065331043370219
4.0,632,0.5,0.66,0.71,0.78,0.5,0.5,0.142,0.71,0.07799999999999999,0.78,0.5958253968253967,0.6400989994982507,0.6045772183004007
