epoch,steps,cosine-Accuracy@1,cosine-Accuracy@3,cosine-Accuracy@5,cosine-Accuracy@10,cosine-Precision@1,cosine-Recall@1,cosine-Precision@5,cosine-Recall@5,cosine-Precision@10,cosine-Recall@10,cosine-MRR@10,cosine-NDCG@10,cosine-MAP@100
1.0,158,0.49,0.645,0.68,0.785,0.49,0.49,0.13599999999999998,0.68,0.0785,0.785,0.5832916666666665,0.6312283049662972,0.5927591453728864
2.0,316,0.5,0.645,0.68,0.78,0.5,0.5,0.13599999999999998,0.68,0.07799999999999999,0.78,0.589295634920635,0.634909284344774,0.5994508591550934
3.0,474,0.49,0.645,0.69,0.79,0.49,0.49,0.13799999999999998,0.69,0.079,0.79,0.5848710317460317,0.6336778338623467,0.5945742238619441
4.0,632,0.5,0.655,0.69,0.78,0.5,0.5,0.13799999999999998,0.69,0.07799999999999999,0.78,0.5909007936507938,0.6361416282901784,0.6016534384254636
